Survived,male,female,first_class,second_class,third_class,S,C,Q,norm_age,norm_sib_sp,norm_fare,norm_parch
0,1,0,0,0,1,1,0,0,0.30450070323488043,0.7876230661040788,0.07102672292545711,0.0
1,0,1,1,0,0,0,1,0,0.7461322081575246,0.7876230661040788,0.8706047819971869,0.0
1,0,1,0,0,1,1,0,0,0.4345991561181435,0.0,0.2130801687763713,0.0
1,0,1,1,0,0,1,0,0,0.6849507735583685,0.7876230661040788,0.8284106891701829,0.0
0,1,0,0,0,1,1,0,0,0.6849507735583685,0.0,0.2468354430379747,0.0
0,1,0,1,0,0,1,0,0,0.9374120956399438,0.0,0.8129395218002813,0.0
0,1,0,0,0,1,1,0,0,0.02531645569620253,0.959915611814346,0.5724331926863573,0.8066104078762306
1,0,1,0,0,1,1,0,0,0.4606188466947961,0.0,0.3727144866385373,0.9317862165963432
1,0,1,0,1,0,0,1,0,0.10337552742616034,0.7876230661040788,0.720112517580872,0.0
1,0,1,0,0,1,1,0,0,0.048523206751054856,0.7876230661040788,0.5239099859353025,0.8066104078762306
1,0,1,1,0,0,1,0,0,0.959212376933896,0.0,0.6652601969057665,0.0
0,1,0,0,0,1,1,0,0,0.2405063291139241,0.0,0.2468354430379747,0.0
0,1,0,0,0,1,1,0,0,0.7623066104078763,0.7876230661040788,0.7348804500703234,0.9957805907172996
0,0,1,0,0,1,1,0,0,0.10337552742616034,0.0,0.15471167369901548,0.0
1,0,1,0,1,0,1,0,0,0.9444444444444444,0.0,0.5133614627285513,0.0
0,1,0,0,0,1,0,0,1,0.02531645569620253,0.981012658227848,0.7039381153305204,0.8066104078762306
0,0,1,0,0,1,1,0,0,0.589310829817159,0.7876230661040788,0.5316455696202531,0.0
0,1,0,0,1,0,1,0,0,0.6849507735583685,0.0,0.6195499296765119,0.0
1,1,0,0,1,0,1,0,0,0.6603375527426161,0.0,0.4289732770745429,0.0
1,0,1,0,0,1,0,0,1,0.11181434599156118,0.0,0.22644163150492266,0.0
1,1,0,1,0,0,1,0,0,0.490857946554149,0.0,0.7637130801687764,0.0
0,0,1,0,0,1,1,0,0,0.07243319268635724,0.959915611814346,0.5724331926863573,0.8066104078762306
1,0,1,0,0,1,1,0,0,0.7461322081575246,0.7876230661040788,0.7433192686357244,0.9957805907172996
0,1,0,1,0,0,1,0,0,0.2116736990154712,0.959915611814346,0.9936708860759492,0.9317862165963432
0,1,0,1,0,0,0,1,0,0.7819971870604783,0.0,0.6793248945147679,0.0
0,1,0,0,1,0,1,0,0,0.9901547116736992,0.0,0.3523206751054853,0.0
0,1,0,1,0,0,0,1,0,0.490857946554149,0.7876230661040788,0.9085794655414908,0.0
0,1,0,1,0,0,1,0,0,0.8108298171589311,0.7876230661040788,0.8164556962025317,0.0
0,1,0,0,0,1,1,0,0,0.2693389592123769,0.0,0.2468354430379747,0.0
0,0,1,0,0,1,1,0,0,0.17651195499296768,0.9338959212376934,0.5316455696202531,0.0
1,0,1,0,0,1,0,1,0,0.10337552742616034,0.7876230661040788,0.3762306610407876,0.0
0,0,1,0,0,1,1,0,0,0.7819971870604783,0.7876230661040788,0.3080168776371308,0.0
0,0,1,0,1,0,1,0,0,0.4606188466947961,0.7876230661040788,0.5661040787623066,0.0
1,0,1,0,1,0,0,1,0,0.036568213783403664,0.7876230661040788,0.7932489451476794,0.9317862165963432
1,0,1,0,0,1,0,0,1,0.2116736990154712,0.0,0.1659634317862166,0.0
0,0,1,0,0,1,1,0,0,0.17651195499296768,0.7876230661040788,0.5274261603375527,0.0
0,1,0,0,0,1,1,0,0,0.06751054852320676,0.981012658227848,0.7855133614627285,0.8066104078762306
0,1,0,0,0,1,1,0,0,0.2693389592123769,0.0,0.14486638537271448,0.0
1,0,1,1,0,0,0,1,0,0.8945147679324895,0.7876230661040788,0.8825597749648383,0.0
1,0,1,0,1,0,1,0,0,0.5253164556962026,0.7876230661040788,0.6195499296765119,0.0
0,1,0,1,0,0,0,1,0,0.9873417721518988,0.0,0.8565400843881856,0.8066104078762306
1,0,1,0,1,0,1,0,0,0.2693389592123769,0.0,0.3523206751054853,0.0
0,1,0,0,0,1,0,1,0,0.5098452883263009,0.0,0.058368495077355836,0.0
1,0,1,0,1,0,1,0,0,0.058368495077355836,0.7876230661040788,0.6842475386779184,0.9317862165963432
0,1,0,0,0,1,1,0,0,0.09212376933895923,1.0,0.79957805907173,0.9317862165963432
0,1,0,0,0,1,0,1,0,0.30450070323488043,0.0,0.058368495077355836,0.0
0,1,0,1,0,0,1,0,0,0.8488045007032349,0.7876230661040788,0.9149085794655416,0.0
0,1,0,0,0,1,1,0,0,0.048523206751054856,0.959915611814346,0.6912798874824191,0.9317862165963432
1,0,1,0,1,0,1,0,0,0.5253164556962026,0.0,0.3523206751054853,0.0
0,1,0,0,0,1,1,0,0,0.2116736990154712,0.0,0.26863572433192684,0.0
1,0,1,0,0,1,1,0,0,0.1490857946554149,0.981012658227848,0.2130801687763713,0.9317862165963432
0,1,0,0,0,1,1,0,0,0.4345991561181435,0.9338959212376934,0.28621659634317864,0.0
0,1,0,0,1,0,1,0,0,0.6139240506329113,0.0,0.3523206751054853,0.0
0,0,1,0,0,1,1,0,0,0.1279887482419128,1.0,0.79957805907173,0.9317862165963432
0,1,0,0,1,0,1,0,0,0.2693389592123769,0.0,0.8748241912798875,0.0
0,1,0,0,0,1,0,1,0,0.4345991561181435,0.7876230661040788,0.4774964838255977,0.0
1,1,0,0,0,1,1,0,0,0.6139240506329113,0.0,0.8403656821378341,0.0
0,1,0,0,0,1,1,0,0,0.40646976090014064,0.0,0.08931082981715892,0.0
1,1,0,0,1,0,1,0,0,0.006329113924050633,0.0,0.69971870604782,0.9317862165963432
1,0,1,0,0,1,1,0,0,0.5569620253164558,0.0,0.3931082981715893,0.0
0,1,0,0,0,1,1,0,0,0.30450070323488043,0.0,0.29887482419127986,0.0
1,1,0,0,0,1,1,0,0,0.5253164556962026,0.0,0.3150492264416315,0.0
0,1,0,1,0,0,1,0,0,0.490857946554149,0.0,0.8045007032348785,0.0
1,0,1,0,1,0,1,0,0,0.1490857946554149,0.0,0.3523206751054853,0.0
1,0,1,0,0,1,1,0,0,0.639240506329114,0.959915611814346,0.5070323488045008,0.0
0,1,0,0,0,1,1,0,0,0.1279887482419128,0.7876230661040788,0.7573839662447257,0.9831223628691984
1,0,1,1,0,0,1,0,0,0.33473980309423346,0.959915611814346,0.9936708860759492,0.9317862165963432
0,1,0,0,0,1,1,0,0,0.3677918424753868,0.0,0.2468354430379747,0.0
0,1,0,0,0,1,1,0,0,0.5253164556962026,0.0,0.2468354430379747,0.0
0,1,0,0,0,1,1,0,0,0.2405063291139241,0.0,0.15471167369901548,0.0
0,1,0,1,0,0,1,0,0,0.8621659634317862,0.7876230661040788,0.8537271448663868,0.0
0,1,0,0,0,1,1,0,0,0.4345991561181435,0.7876230661040788,0.560478199718706,0.9317862165963432
0,1,0,0,0,1,1,0,0,0.9634317862165964,0.0,0.07102672292545711,0.0
0,1,0,1,0,0,0,1,0,0.9957805907172996,0.0,0.7609001406469761,0.0
1,1,0,1,0,0,0,1,0,0.33473980309423346,0.0,0.8579465541490856,0.8066104078762306
1,0,1,0,1,0,1,0,0,0.6603375527426161,0.0,0.5808720112517579,0.8066104078762306
0,1,0,0,1,0,1,0,0,0.6603375527426161,0.7876230661040788,0.6195499296765119,0.0
0,0,1,0,0,1,1,0,0,0.490857946554149,0.0,0.18424753867791846,0.0
0,1,0,1,0,0,1,0,0,0.2693389592123769,0.0,0.8867791842475388,0.8066104078762306
0,1,0,0,0,1,1,0,0,0.639240506329114,0.0,0.2770745428973277,0.0
0,1,0,0,0,1,1,0,0,0.7348804500703234,0.9338959212376934,0.2130801687763713,0.0
0,1,0,0,0,1,1,0,0,0.490857946554149,0.0,0.18424753867791846,0.0
1,0,1,0,0,1,1,0,0,0.2693389592123769,0.0,0.08931082981715892,0.0
0,1,0,0,0,1,1,0,0,0.7461322081575246,0.0,0.18424753867791846,0.0
0,1,0,1,0,0,1,0,0,0.8706047819971869,0.0,0.8164556962025317,0.0
0,0,1,0,0,1,0,1,0,0.10829817158931083,0.7876230661040788,0.4774964838255977,0.0
0,1,0,0,0,1,1,0,0,0.30450070323488043,0.0,0.2468354430379747,0.0
0,0,1,0,0,1,1,0,0,0.2405063291139241,0.7876230661040788,0.3255977496483826,0.0
0,0,1,0,0,1,0,1,0,0.1490857946554149,0.0,0.4824191279887477,0.0
0,1,0,0,0,1,1,0,0,0.2693389592123769,0.0,0.2130801687763713,0.0
0,1,0,0,0,1,0,0,1,0.9943741209563994,0.0,0.10618846694796062,0.0
0,1,0,0,1,0,1,0,0,0.5253164556962026,0.7876230661040788,0.5661040787623066,0.0
0,1,0,1,0,0,0,1,0,0.3677918424753868,0.0,0.9866385372714488,0.8066104078762306
0,0,1,0,0,1,1,0,0,0.02531645569620253,0.981012658227848,0.7348804500703234,0.9317862165963432
0,1,0,0,1,0,1,0,0,0.2693389592123769,0.9338959212376934,0.8748241912798875,0.0
0,1,0,0,1,0,0,1,0,0.6279887482419129,0.7876230661040788,0.720112517580872,0.0
1,0,1,0,1,0,1,0,0,0.6279887482419129,0.0,0.4289732770745429,0.0
0,1,0,1,0,0,1,0,0,0.9374120956399438,0.0,0.8867791842475388,0.8066104078762306
1,1,0,0,0,1,0,1,0,0.09563994374120956,0.7876230661040788,0.3762306610407876,0.0
1,1,0,0,0,1,1,0,0,0.3677918424753868,0.0,0.04360056258790436,0.0
0,1,0,0,0,1,1,0,0,0.8488045007032349,0.0,0.02320675105485232,0.0
0,1,0,0,0,1,0,1,0,0.639240506329114,0.0,0.18424753867791846,0.0
0,1,0,0,0,1,1,0,0,0.2405063291139241,0.0,0.030239099859353025,0.0
0,0,1,0,0,1,1,0,0,0.8706047819971869,0.7876230661040788,0.4866385372714487,0.0
1,0,1,0,1,0,1,0,0,0.5253164556962026,0.7876230661040788,0.6195499296765119,0.0
0,1,0,0,1,0,1,0,0,0.40646976090014064,0.0,0.4289732770745429,0.0
0,1,0,0,1,0,0,1,0,0.33473980309423346,0.0,0.4922644163150493,0.0
1,0,1,1,0,0,1,0,0,0.2116736990154712,0.0,0.6497890295358649,0.9317862165963432
0,1,0,1,0,0,1,0,0,0.7348804500703234,0.7876230661040788,0.8284106891701829,0.0
0,1,0,0,0,1,1,0,0,0.1279887482419128,0.0,0.3009845288326301,0.0
0,1,0,1,0,0,0,1,0,0.3677918424753868,0.0,0.90014064697609,0.0
1,0,1,0,0,1,1,0,0,0.30450070323488043,0.0,0.10618846694796062,0.0
1,0,1,0,0,1,1,0,0,0.3677918424753868,0.7876230661040788,0.5070323488045008,0.0
0,1,0,0,0,1,0,0,1,0.2116736990154712,0.0,0.02039381153305204,0.0
0,1,0,0,1,0,1,0,0,0.17651195499296768,0.0,0.3804500703234881,0.0
0,1,0,0,1,0,1,0,0,0.2116736990154712,0.7876230661040788,0.7672292545710268,0.8066104078762306
1,1,0,0,0,1,1,0,0,0.4606188466947961,0.0,0.14064697609001406,0.0
0,0,1,0,0,1,1,0,0,0.08087201125175808,0.9338959212376934,0.7573839662447257,0.9317862165963432
0,1,0,0,1,0,1,0,0,0.729957805907173,0.0,0.6195499296765119,0.9317862165963432
0,1,0,0,1,0,1,0,0,0.8108298171589311,0.0,0.4289732770745429,0.0
0,1,0,0,1,0,1,0,0,0.9170182841068916,0.0,0.3966244725738397,0.0
1,0,1,1,0,0,1,0,0,0.30450070323488043,0.7876230661040788,0.8628691983122363,0.0
0,1,0,0,0,1,1,0,0,0.9465541490857948,0.0,0.2468354430379747,0.0
0,1,0,0,0,1,1,0,0,0.7925457102672293,0.0,0.4866385372714487,0.9317862165963432
0,1,0,1,0,0,0,1,0,0.9170182841068916,0.0,0.8551336146272855,0.8066104078762306
1,0,1,0,0,1,0,0,1,0.1279887482419128,0.0,0.09353023909985936,0.0
0,1,0,0,0,1,1,0,0,0.5569620253164558,0.0,0.2468354430379747,0.0
0,1,0,0,0,1,1,0,0,0.8340365682137835,0.0,0.5182841068917019,0.8066104078762306
1,0,1,0,1,0,1,0,0,0.7819971870604783,0.0,0.5035161744022504,0.0
0,1,0,0,0,1,1,0,0,0.4345991561181435,0.0,0.12517580872011252,0.0
0,1,0,0,0,1,1,0,0,0.1490857946554149,0.0,0.28621659634317864,0.0
0,1,0,0,0,1,1,0,0,0.014064697609001406,0.981012658227848,0.7855133614627285,0.8066104078762306
1,1,0,0,0,1,1,0,0,0.08087201125175808,0.0,0.5569620253164558,0.9317862165963432
0,0,1,0,0,1,1,0,0,0.8488045007032349,0.7876230661040788,0.6912798874824191,0.9887482419127988
0,1,0,0,0,1,1,0,0,0.490857946554149,0.0,0.8403656821378341,0.0
0,1,0,1,0,0,1,0,0,0.9732770745428974,0.0,0.7524613220815752,0.0
0,1,0,0,0,1,0,0,1,0.048523206751054856,0.981012658227848,0.7039381153305204,0.8066104078762306
1,0,1,0,0,1,1,0,0,0.014064697609001406,0.7876230661040788,0.3727144866385373,0.8066104078762306
0,1,0,0,0,1,1,0,0,0.2693389592123769,0.0,0.2130801687763713,0.0
0,1,0,1,0,0,0,1,0,0.950070323488045,0.0,0.7271448663853727,0.0
0,1,0,0,0,1,1,0,0,0.17651195499296768,0.7876230661040788,0.15471167369901548,0.8066104078762306
0,0,1,1,0,0,0,1,0,0.9050632911392404,0.0,0.6976090014064696,0.0
0,1,0,0,1,0,1,0,0,0.5569620253164558,0.0,0.4289732770745429,0.0
0,1,0,0,0,1,1,0,0,0.7137834036568214,0.0,0.0,0.0
0,1,0,0,0,1,1,0,0,0.08087201125175808,0.981012658227848,0.7433192686357244,0.9317862165963432
1,1,0,0,1,0,1,0,0,0.014064697609001406,0.9338959212376934,0.7749648382559775,0.8066104078762306
1,0,1,0,0,1,1,0,0,0.048523206751054856,0.0,0.5766526019690577,0.9317862165963432
1,1,0,1,0,0,1,0,0,0.8488045007032349,0.0,0.6652601969057665,0.0
0,1,0,0,0,1,0,0,1,0.7819971870604783,0.7876230661040788,0.4971870604781997,0.8066104078762306
0,1,0,0,0,1,1,0,0,0.7137834036568214,0.0,0.18424753867791846,0.0
1,0,1,0,1,0,1,0,0,0.6139240506329113,0.0,0.4289732770745429,0.0
0,1,0,0,1,0,1,0,0,0.2116736990154712,0.0,0.4289732770745429,0.0
1,0,1,0,0,1,1,0,0,0.2116736990154712,0.7876230661040788,0.15471167369901548,0.0
1,1,0,0,1,0,1,0,0,0.036568213783403664,0.7876230661040788,0.6195499296765119,0.8066104078762306
1,0,1,1,0,0,0,1,0,0.8340365682137835,0.0,0.6793248945147679,0.0
1,0,1,1,0,0,0,1,0,0.959212376933896,0.0,0.9620253164556962,0.0
0,1,0,0,0,1,1,0,0,0.8108298171589311,0.0,0.2728551336146273,0.8066104078762306
0,0,1,0,1,0,1,0,0,0.3677918424753868,0.0,0.4289732770745429,0.0
0,1,0,0,0,1,1,0,0,0.490857946554149,0.0,0.3150492264416315,0.0
0,1,0,0,0,1,1,0,0,0.6603375527426161,0.0,0.01758087201125176,0.0
0,1,0,0,0,1,0,1,0,0.8586497890295359,0.0,0.048523206751054856,0.0
1,1,0,0,0,1,1,0,0,0.17651195499296768,0.0,0.2468354430379747,0.0
0,0,1,0,0,1,1,0,0,0.02531645569620253,0.0,0.33473980309423346,0.8066104078762306
0,1,0,0,0,1,1,0,0,0.6139240506329113,0.7876230661040788,0.5070323488045008,0.0
1,1,0,0,0,1,0,1,0,0.4345991561181435,0.0,0.5386779184247539,0.0
1,0,1,0,0,1,0,0,1,0.1279887482419128,0.0,0.10618846694796062,0.0
1,1,0,1,0,0,0,1,0,0.7819971870604783,0.0,0.7292545710267229,0.0
0,1,0,0,0,1,1,0,0,0.3677918424753868,0.0,0.030239099859353025,0.0
1,0,1,0,1,0,1,0,0,0.6849507735583685,0.0,0.5661040787623066,0.0
0,1,0,0,0,1,1,0,0,0.30450070323488043,0.0,0.07102672292545711,0.0
0,1,0,0,1,0,1,0,0,0.5569620253164558,0.0,0.4289732770745429,0.0
1,0,1,1,0,0,0,1,0,0.589310829817159,0.7876230661040788,0.9451476793248944,0.0
1,0,1,0,0,1,1,0,0,0.4606188466947961,0.0,0.2130801687763713,0.0
0,1,0,0,1,0,1,0,0,0.8108298171589311,0.7876230661040788,0.6758087201125176,0.0
1,0,1,1,0,0,0,1,0,0.6139240506329113,0.0,0.8804500703234881,0.0
0,1,0,0,1,0,1,0,0,0.5569620253164558,0.0,0.3523206751054853,0.0
1,1,0,0,0,1,1,0,0,0.1279887482419128,0.0,0.2468354430379747,0.0
0,1,0,0,1,0,1,0,0,0.4606188466947961,0.0,0.4289732770745429,0.0
0,1,0,0,0,1,1,0,0,0.9170182841068916,0.0,0.2468354430379747,0.0
1,1,0,1,0,0,1,0,0,0.7461322081575246,0.7876230661040788,0.9240506329113924,0.0
0,1,0,0,0,1,1,0,0,0.30450070323488043,0.0,0.30590717299578063,0.0
1,1,0,0,1,0,1,0,0,0.2116736990154712,0.0,0.3523206751054853,0.0
0,1,0,0,0,1,1,0,0,0.2517580872011252,0.0,0.07102672292545711,0.0
0,1,0,0,1,0,1,0,0,0.17651195499296768,0.0,0.4289732770745429,0.0
1,0,1,1,0,0,1,0,0,0.6849507735583685,0.7876230661040788,0.9149085794655416,0.0
0,1,0,0,0,1,1,0,0,0.5253164556962026,0.0,0.12517580872011252,0.0
0,1,0,0,1,0,1,0,0,0.9634317862165964,0.0,0.4620253164556962,0.0
1,0,1,0,0,1,1,0,0,0.058368495077355836,0.981012658227848,0.7433192686357244,0.9317862165963432
0,1,0,0,1,0,1,0,0,0.3677918424753868,0.0,0.3523206751054853,0.0
0,1,0,0,1,0,1,0,0,0.8340365682137835,0.7876230661040788,0.6195499296765119,0.0
1,0,1,0,1,0,1,0,0,0.07243319268635724,0.0,0.6448663853727146,0.9317862165963432
0,1,0,0,1,0,1,0,0,0.2116736990154712,0.0,0.3523206751054853,0.0
0,1,0,0,1,0,1,0,0,0.639240506329114,0.0,0.38537271448663857,0.0
0,1,0,0,1,0,1,0,0,0.5253164556962026,0.0,0.3523206751054853,0.0
0,1,0,0,0,1,1,0,0,0.30450070323488043,0.0,0.040084388185654005,0.0
0,1,0,0,0,1,0,1,0,0.5569620253164558,0.0,0.048523206751054856,0.0
0,1,0,1,0,0,0,0,1,0.8340365682137835,0.9338959212376934,0.9240506329113924,0.0
0,0,1,0,0,1,1,0,0,0.40646976090014064,0.0,0.12517580872011252,0.0
1,0,1,0,1,0,1,0,0,0.3677918424753868,0.0,0.4866385372714487,0.9317862165963432
1,1,0,1,0,0,1,0,0,0.7348804500703234,0.7876230661040788,0.8234880450070323,0.8066104078762306
0,1,0,0,1,0,1,0,0,0.9374120956399438,0.7876230661040788,0.6195499296765119,0.0
0,0,1,0,0,1,1,0,0,0.5253164556962026,0.7876230661040788,0.33473980309423346,0.8066104078762306
0,1,0,1,0,0,1,0,0,0.9774964838255976,0.0,0.6652601969057665,0.0
0,1,0,0,0,1,1,0,0,0.5569620253164558,0.7876230661040788,0.5182841068917019,0.0
0,0,1,0,0,1,1,0,0,0.7981715893108299,0.0,0.5506329113924051,0.9317862165963432
1,0,1,0,0,1,0,1,0,0.5253164556962026,0.0,0.4943741209563994,0.9317862165963432
1,0,1,1,0,0,1,0,0,0.5569620253164558,0.0,0.918424753867792,0.0
1,0,1,1,0,0,0,1,0,0.6849507735583685,0.0,1.0,0.0
1,0,1,0,1,0,1,0,0,0.9050632911392404,0.0,0.6195499296765119,0.8066104078762306
1,1,0,0,0,1,1,0,0,0.036568213783403664,0.981012658227848,0.7433192686357244,0.9317862165963432
0,1,0,1,0,0,1,0,0,0.9261603375527426,0.7876230661040788,0.9043600562587903,0.8066104078762306
0,1,0,1,0,0,1,0,0,0.7819971870604783,0.0,0.0,0.0
0,1,0,0,1,0,1,0,0,0.7137834036568214,0.0,0.3523206751054853,0.0
0,1,0,0,0,1,1,0,0,0.1279887482419128,0.981012658227848,0.7855133614627285,0.8066104078762306
1,1,0,0,0,1,1,0,0,0.40646976090014064,0.7876230661040788,0.12517580872011252,0.0
1,0,1,1,0,0,1,0,0,0.959212376933896,0.0,0.9704641350210971,0.8066104078762306
1,0,1,1,0,0,1,0,0,0.6849507735583685,0.0,0.959212376933896,0.0
1,1,0,0,0,1,1,0,0,0.40646976090014064,0.0,0.0,0.0
1,0,1,0,1,0,1,0,0,0.7981715893108299,0.0,0.5478199718706047,0.8066104078762306
0,1,0,1,0,0,0,1,0,0.7348804500703234,0.0,0.7097649186256781,0.8066104078762306
1,0,1,1,0,0,1,0,0,0.981012658227848,0.7876230661040788,0.8902953586497891,0.0
0,0,1,0,0,1,1,0,0,0.8488045007032349,0.0,0.10618846694796062,0.0
0,1,0,0,0,1,0,0,1,0.06751054852320676,0.981012658227848,0.7039381153305204,0.8066104078762306
1,0,1,0,0,1,1,0,0,0.6849507735583685,0.7876230661040788,0.5534458509142053,0.8066104078762306
0,1,0,0,0,1,0,0,1,0.9873417721518988,0.0,0.10618846694796062,0.0
0,1,0,0,0,1,1,0,0,0.490857946554149,0.0,0.15471167369901548,0.0
0,1,0,0,0,1,1,0,0,0.1279887482419128,0.0,0.3150492264416315,0.0
1,1,0,0,0,1,1,0,0,0.2116736990154712,0.0,0.2468354430379747,0.0
0,1,0,0,0,1,0,1,0,0.639240506329114,0.0,0.28621659634317864,0.0
1,1,0,0,0,1,1,0,0,0.5569620253164558,0.0,0.3150492264416315,0.0
0,1,0,0,0,1,1,0,0,0.30450070323488043,0.0,0.18424753867791846,0.0
1,1,0,0,1,0,1,0,0,0.8108298171589311,0.0,0.4289732770745429,0.0
1,0,1,0,0,1,0,0,1,0.30450070323488043,0.0,0.10618846694796062,0.0
1,0,1,1,0,0,1,0,0,0.4345991561181435,0.0,0.8973277074542898,0.0
1,0,1,1,0,0,0,1,0,0.2116736990154712,0.7876230661040788,0.9296765119549929,0.0
0,1,0,0,1,0,0,1,0,0.7137834036568214,0.0,0.3994374120956399,0.0
0,0,1,0,0,1,1,0,0,0.3677918424753868,0.0,0.2967651195499297,0.0
0,1,0,0,0,1,1,0,0,0.3677918424753868,0.0,0.18424753867791846,0.0
0,1,0,0,0,1,0,1,0,0.3459915611814346,0.0,0.058368495077355836,0.0
0,0,1,1,0,0,1,0,0,0.02531645569620253,0.7876230661040788,0.9655414908579464,0.9317862165963432
1,0,1,1,0,0,0,1,0,0.9050632911392404,0.0,0.9866385372714488,0.8066104078762306
0,1,0,0,0,1,1,0,0,0.2116736990154712,0.0,0.0,0.0
1,1,0,1,0,0,1,0,0,0.008438818565400843,0.7876230661040788,0.9655414908579464,0.9317862165963432
1,0,1,1,0,0,0,1,0,0.1490857946554149,0.7876230661040788,0.9374120956399438,0.0
0,1,0,0,1,0,0,1,0,0.5569620253164558,0.7876230661040788,0.5850914205344585,0.0
1,0,1,1,0,0,0,1,0,0.5569620253164558,0.0,0.8445850914205344,0.0
1,0,1,1,0,0,0,1,0,0.3677918424753868,0.0,0.9113924050632912,0.0
1,0,1,1,0,0,0,1,0,0.17651195499296768,0.9338959212376934,0.989451476793249,0.9317862165963432
0,0,1,0,1,0,1,0,0,0.4345991561181435,0.7876230661040788,0.6195499296765119,0.8066104078762306
0,1,0,0,0,1,1,0,0,0.490857946554149,0.0,0.18424753867791846,0.0
0,1,0,0,1,0,1,0,0,0.8248945147679325,0.7876230661040788,0.6448663853727146,0.8066104078762306
1,0,1,0,0,1,1,0,0,0.4345991561181435,0.0,0.15471167369901548,0.0
1,0,1,0,1,0,1,0,0,0.3677918424753868,0.7876230661040788,0.6195499296765119,0.0
0,1,0,0,1,0,1,0,0,0.9374120956399438,0.0,0.4683544303797468,0.0
1,0,1,1,0,0,1,0,0,0.589310829817159,0.0,0.9739803094233476,0.9317862165963432
1,0,1,1,0,0,0,1,0,0.7819971870604783,0.7876230661040788,0.9556962025316456,0.8066104078762306
0,1,0,0,0,1,1,0,0,0.30450070323488043,0.0,0.07102672292545711,0.0
0,1,0,0,0,1,1,0,0,0.4606188466947961,0.0,0.18424753867791846,0.0
1,0,1,0,1,0,0,0,1,0.5569620253164558,0.0,0.38888888888888895,0.0
1,0,1,0,1,0,1,0,0,0.30450070323488043,0.7876230661040788,0.69971870604782,0.8066104078762306
1,0,1,1,0,0,0,1,0,0.7137834036568214,0.0,0.959212376933896,0.0
0,1,0,0,0,1,1,0,0,0.9732770745428974,0.0,0.012658227848101264,0.0
1,0,1,0,1,0,1,0,0,0.7137834036568214,0.0,0.4289732770745429,0.0
1,0,1,0,0,1,1,0,0,0.589310829817159,0.7876230661040788,0.5569620253164558,0.8066104078762306
1,0,1,1,0,0,0,1,0,0.1279887482419128,0.0,0.850210970464135,0.8066104078762306
0,1,0,1,0,0,1,0,0,0.8586497890295359,0.0,0.6962025316455697,0.0
0,1,0,1,0,0,1,0,0,0.7461322081575246,0.0,0.9704641350210971,0.8066104078762306
0,1,0,0,0,1,1,0,0,0.1279887482419128,0.9338959212376934,0.5316455696202531,0.0
0,1,0,1,0,0,1,0,0,0.5253164556962026,0.7876230661040788,0.8628691983122363,0.0
1,0,1,1,0,0,0,1,0,0.7981715893108299,0.0,0.9556962025316456,0.0
1,1,0,0,0,1,1,0,0,0.8488045007032349,0.0,0.2468354430379747,0.0
0,1,0,1,0,0,1,0,0,0.8488045007032349,0.0,0.7637130801687764,0.0
1,1,0,0,1,0,1,0,0,0.02531645569620253,0.7876230661040788,0.6195499296765119,0.8066104078762306
1,0,1,1,0,0,1,0,0,0.3677918424753868,0.959915611814346,0.9936708860759492,0.9317862165963432
0,1,0,0,1,0,1,0,0,0.490857946554149,0.0,0.4289732770745429,0.0
0,1,0,0,1,0,1,0,0,0.40646976090014064,0.0,0.4289732770745429,0.0
0,1,0,0,1,0,1,0,0,0.7137834036568214,0.0,0.4289732770745429,0.0
1,0,1,0,1,0,1,0,0,0.3677918424753868,0.0,0.4289732770745429,0.0
1,0,1,0,1,0,1,0,0,0.7819971870604783,0.0,0.4289732770745429,0.0
1,1,0,0,0,1,1,0,0,0.036568213783403664,0.7876230661040788,0.5112517580872011,0.8066104078762306
0,1,0,0,0,1,1,0,0,0.8108298171589311,0.0,0.28621659634317864,0.0
0,1,0,0,0,1,1,0,0,0.33473980309423346,0.0,0.30309423347398035,0.0
0,1,0,0,0,1,0,1,0,0.11181434599156118,0.7876230661040788,0.058368495077355836,0.8066104078762306
0,1,0,0,0,1,1,0,0,0.40646976090014064,0.7876230661040788,0.5274261603375527,0.0
0,1,0,0,0,1,1,0,0,0.490857946554149,0.0,0.3150492264416315,0.0
1,0,1,1,0,0,1,0,0,0.30450070323488043,0.0,0.8326300984528833,0.8066104078762306
0,0,1,0,1,0,1,0,0,0.7461322081575246,0.0,0.4289732770745429,0.0
0,1,0,0,0,1,1,0,0,0.7819971870604783,0.7876230661040788,0.6912798874824191,0.9887482419127988
0,1,0,0,1,0,0,1,0,0.5253164556962026,0.7876230661040788,0.6793248945147679,0.0
0,0,1,0,0,1,0,1,0,0.8488045007032349,0.0,0.4774964838255977,0.8066104078762306
0,1,0,0,0,1,1,0,0,0.6849507735583685,0.0,0.030239099859353025,0.0
0,1,0,0,0,1,1,0,0,0.5569620253164558,0.0,0.07102672292545711,0.0
1,0,1,1,0,0,0,1,0,0.9683544303797468,0.7876230661040788,0.8790436005625879,0.0
1,0,1,1,0,0,0,1,0,0.3677918424753868,0.0,0.8656821378340366,0.0
1,1,0,1,0,0,0,1,0,0.40646976090014064,0.7876230661040788,0.8340365682137835,0.0
0,1,0,0,0,1,1,0,0,0.17651195499296768,0.7876230661040788,0.01758087201125176,0.0
0,1,0,0,0,1,1,0,0,0.2116736990154712,0.0,0.2468354430379747,0.0
0,1,0,1,0,0,0,1,0,0.30450070323488043,0.0,0.959212376933896,0.0
0,0,1,0,0,1,1,0,0,0.036568213783403664,0.959915611814346,0.5724331926863573,0.8066104078762306
1,0,1,0,0,1,1,0,0,0.30450070323488043,0.0,0.07102672292545711,0.0
0,1,0,1,0,0,0,1,0,0.4606188466947961,0.0,0.9803094233473979,0.9317862165963432
0,1,0,0,0,1,0,1,0,0.2405063291139241,0.0,0.009845288326300985,0.0
0,1,0,0,0,1,1,0,0,0.2116736990154712,0.0,0.12517580872011252,0.0
1,0,1,1,0,0,0,1,0,0.8108298171589311,0.0,0.9831223628691984,0.0
1,0,1,0,0,1,0,1,0,0.014064697609001406,0.0,0.5014064697609002,0.9317862165963432
0,1,0,0,0,1,1,0,0,0.6139240506329113,0.0,0.2130801687763713,0.0
1,0,1,1,0,0,1,0,0,0.6849507735583685,0.7876230661040788,0.8164556962025317,0.0
0,1,0,0,1,0,1,0,0,0.17651195499296768,0.0,0.8748241912798875,0.0
0,1,0,0,0,1,1,0,0,0.014064697609001406,1.0,0.79957805907173,0.9317862165963432
1,0,1,0,1,0,1,0,0,0.7137834036568214,0.0,0.4289732770745429,0.0
1,0,1,0,1,0,0,1,0,0.1490857946554149,0.0,0.3839662447257384,0.0
1,1,0,1,0,0,1,0,0,0.7137834036568214,0.7876230661040788,0.950070323488045,0.9317862165963432
1,1,0,0,0,1,1,0,0,0.2693389592123769,0.0,0.14064697609001406,0.0
0,1,0,0,0,1,1,0,0,0.490857946554149,0.9338959212376934,0.2130801687763713,0.0
1,0,1,1,0,0,0,1,0,0.33473980309423346,0.7876230661040788,0.9451476793248944,0.0
1,0,1,0,0,1,1,0,0,0.3677918424753868,0.0,0.5239099859353025,0.9317862165963432
0,1,0,0,0,1,1,0,0,0.30450070323488043,0.0,0.14064697609001406,0.0
0,0,1,0,0,1,1,0,0,0.589310829817159,0.0,0.15471167369901548,0.0
0,1,0,0,1,0,1,0,0,0.8621659634317862,0.0,0.6195499296765119,0.0
0,1,0,0,1,0,1,0,0,0.33473980309423346,0.0,0.3523206751054853,0.0
1,0,1,0,1,0,1,0,0,0.490857946554149,0.0,0.3980309423347398,0.0
1,1,0,0,0,1,1,0,0,0.7623066104078763,0.0,0.2130801687763713,0.0
0,1,0,0,0,1,1,0,0,0.4345991561181435,0.0,0.2468354430379747,0.0
0,0,1,0,0,1,1,0,0,0.2693389592123769,0.7876230661040788,0.3255977496483826,0.0
0,1,0,0,0,1,1,0,0,0.490857946554149,0.7876230661040788,0.5070323488045008,0.0
0,0,1,0,0,1,1,0,0,0.2405063291139241,0.0,0.28621659634317864,0.0
0,1,0,0,1,0,1,0,0,0.6603375527426161,0.7876230661040788,0.5661040787623066,0.0
0,1,0,0,0,1,1,0,0,0.9170182841068916,0.0,0.10618846694796062,0.0
1,1,0,0,1,0,1,0,0,0.036568213783403664,0.7876230661040788,0.5351617440225036,0.8066104078762306
0,1,0,0,0,1,1,0,0,0.2693389592123769,0.0,0.12517580872011252,0.0
1,0,1,1,0,0,0,0,1,0.639240506329114,0.7876230661040788,0.9240506329113924,0.0
1,1,0,0,0,1,1,0,0,0.8340365682137835,0.0,0.2130801687763713,0.0
1,0,1,0,1,0,1,0,0,0.6603375527426161,0.7876230661040788,0.7482419127988749,0.8066104078762306
1,0,1,0,1,0,1,0,0,0.17651195499296768,0.0,0.4289732770745429,0.9317862165963432
0,1,0,0,1,0,1,0,0,0.5569620253164558,0.0,0.4289732770745429,0.0
0,0,1,0,0,1,1,0,0,0.08790436005625879,0.0,0.5907172995780591,0.9317862165963432
0,1,0,0,0,1,0,0,1,0.2693389592123769,0.0,0.09353023909985936,0.0
0,1,0,0,0,1,1,0,0,0.5253164556962026,0.0,0.16455696202531647,0.0
0,0,1,0,0,1,1,0,0,0.490857946554149,0.7876230661040788,0.4718706047819972,0.8066104078762306
0,1,0,0,0,1,1,0,0,0.17651195499296768,0.7876230661040788,0.5506329113924051,0.8066104078762306
1,0,1,0,1,0,1,0,0,0.490857946554149,0.7876230661040788,0.6195499296765119,0.0
1,0,1,0,1,0,1,0,0,0.2116736990154712,0.0,0.6195499296765119,0.0
1,1,0,0,0,1,1,0,0,0.6139240506329113,0.0,0.2468354430379747,0.0
1,1,0,1,0,0,1,0,0,0.490857946554149,0.0,0.6652601969057665,0.0
1,0,1,0,1,0,1,0,0,0.8108298171589311,0.7876230661040788,0.6195499296765119,0.0
0,1,0,0,0,1,1,0,0,0.1490857946554149,0.0,0.040084388185654005,0.0
0,1,0,1,0,0,1,0,0,0.9050632911392404,0.7876230661040788,0.8361462728551337,0.0
1,0,1,1,0,0,1,0,0,0.10337552742616034,0.7876230661040788,0.950070323488045,0.9317862165963432
0,0,1,0,0,1,1,0,0,0.2693389592123769,0.9338959212376934,0.7573839662447257,0.9317862165963432
1,0,1,0,1,0,1,0,0,0.3677918424753868,0.9338959212376934,0.5351617440225036,0.9831223628691984
0,1,0,1,0,0,1,0,0,0.9838255977496484,0.7876230661040788,0.9936708860759492,0.9887482419127988
0,1,0,0,1,0,1,0,0,0.589310829817159,0.0,0.3523206751054853,0.0
1,0,1,0,1,0,1,0,0,0.8488045007032349,0.7876230661040788,0.6448663853727146,0.8066104078762306
0,1,0,0,0,1,1,0,0,0.2405063291139241,0.0,0.3150492264416315,0.0
0,1,0,0,0,1,1,0,0,0.40646976090014064,0.7876230661040788,0.12517580872011252,0.0
1,0,1,0,1,0,1,0,0,0.490857946554149,0.0,0.4289732770745429,0.0
1,1,0,1,0,0,1,0,0,0.048523206751054856,0.0,0.9071729957805909,0.9317862165963432
1,0,1,0,1,0,1,0,0,0.09774964838255977,0.0,0.5478199718706047,0.8066104078762306
1,1,0,1,0,0,1,0,0,0.6603375527426161,0.0,0.6652601969057665,0.0
1,0,1,0,0,1,0,1,0,0.058368495077355836,0.9338959212376934,0.5436005625879043,0.8066104078762306
1,1,0,1,0,0,1,0,0,0.9261603375527426,0.0,0.7236286919831223,0.0
0,1,0,0,1,0,1,0,0,0.7137834036568214,0.7876230661040788,0.6842475386779184,0.9317862165963432
0,1,0,1,0,0,0,1,0,0.5569620253164558,0.0,0.6842475386779184,0.0
1,1,0,1,0,0,0,1,0,0.8945147679324895,0.7876230661040788,0.9212376933895922,0.0
1,1,0,0,0,1,0,1,0,0.5253164556962026,0.0,0.18424753867791846,0.0
0,1,0,1,0,0,1,0,0,0.9873417721518988,0.0,0.6652601969057665,0.0
1,0,1,0,1,0,1,0,0,0.9050632911392404,0.0,0.3523206751054853,0.0
1,1,0,1,0,0,1,0,0,0.8832630098452884,0.0,0.6652601969057665,0.0
0,1,0,0,0,1,1,0,0,0.6603375527426161,0.0,0.2468354430379747,0.0
0,1,0,1,0,0,1,0,0,0.8706047819971869,0.0,0.7721518987341772,0.0
0,1,0,0,1,0,1,0,0,0.8832630098452884,0.0,0.4289732770745429,0.0
0,1,0,0,0,1,1,0,0,0.7461322081575246,0.0,0.030239099859353025,0.0
0,1,0,1,0,0,1,0,0,0.950070323488045,0.0,0.6652601969057665,0.0
1,0,1,0,0,1,0,1,0,0.003516174402250352,0.9338959212376934,0.5436005625879043,0.8066104078762306
0,1,0,0,0,1,1,0,0,0.7461322081575246,0.0,0.28621659634317864,0.0
1,0,1,0,1,0,1,0,0,0.639240506329114,0.7876230661040788,0.6842475386779184,0.9317862165963432
1,0,1,0,1,0,0,1,0,0.33473980309423346,0.0,0.4655414908579466,0.0
0,0,1,0,0,1,1,0,0,0.30450070323488043,0.0,0.3277074542897328,0.0
0,1,0,0,1,0,1,0,0,0.6603375527426161,0.7876230661040788,0.5661040787623066,0.0
0,1,0,0,0,1,1,0,0,0.5253164556962026,0.7876230661040788,0.02531645569620253,0.0
0,1,0,0,0,1,1,0,0,0.30450070323488043,0.0,0.0829817158931083,0.0
1,0,1,0,0,1,1,0,0,0.02531645569620253,0.0,0.3867791842475387,0.8066104078762306
0,1,0,0,0,1,1,0,0,0.08087201125175808,1.0,0.79957805907173,0.9317862165963432
0,1,0,0,0,1,1,0,0,0.9050632911392404,0.0,0.2468354430379747,0.0
1,0,1,0,0,1,1,0,0,0.981012658227848,0.0,0.32236286919831225,0.0
1,1,0,1,0,0,0,1,0,0.40646976090014064,0.7876230661040788,0.9296765119549929,0.0
1,0,1,1,0,0,1,0,0,0.6849507735583685,0.7876230661040788,0.9240506329113924,0.0
0,1,0,1,0,0,0,1,0,0.959212376933896,0.0,0.7097649186256781,0.0
0,1,0,0,0,1,1,0,0,0.5569620253164558,0.0,0.2468354430379747,0.0
1,1,0,0,0,1,1,0,0,0.08087201125175808,0.7876230661040788,0.5112517580872011,0.8066104078762306
0,1,0,0,0,1,1,0,0,0.2693389592123769,0.0,0.07102672292545711,0.0
0,1,0,1,0,0,1,0,0,0.9444444444444444,0.0,0.7236286919831223,0.0
0,1,0,1,0,0,0,1,0,0.9957805907172996,0.0,0.8080168776371308,0.0
0,1,0,0,0,1,1,0,0,0.2693389592123769,0.0,0.2468354430379747,0.0
1,0,1,1,0,0,0,1,0,0.9374120956399438,0.7876230661040788,0.8931082981715893,0.0
0,0,1,1,0,0,1,0,0,0.40646976090014064,0.7876230661040788,0.9655414908579464,0.9317862165963432
0,1,0,0,0,1,1,0,0,0.3677918424753868,0.0,0.14064697609001406,0.0
0,1,0,0,0,1,1,0,0,0.1490857946554149,0.0,0.28621659634317864,0.0
0,0,1,0,0,1,0,0,1,0.2693389592123769,0.0,0.10618846694796062,0.0
0,0,1,0,0,1,1,0,0,0.7348804500703234,0.0,0.32236286919831225,0.0
1,0,1,1,0,0,1,0,0,0.1279887482419128,0.0,0.918424753867792,0.0
0,1,0,1,0,0,0,1,0,0.17651195499296768,0.7876230661040788,0.9374120956399438,0.0
1,0,1,0,1,0,1,0,0,0.639240506329114,0.0,0.6195499296765119,0.9317862165963432
0,1,0,0,0,1,1,0,0,0.490857946554149,0.0,0.5780590717299577,0.0
1,1,0,0,0,1,1,0,0,0.4345991561181435,0.0,0.8403656821378341,0.0
1,1,0,0,0,1,0,0,1,0.5253164556962026,0.0,0.10618846694796062,0.0
1,1,0,1,0,0,1,0,0,0.7137834036568214,0.0,0.6526019690576652,0.0
1,0,1,1,0,0,0,1,0,0.9374120956399438,0.7876230661040788,0.852320675105485,0.0
0,1,0,0,0,1,1,0,0,0.3677918424753868,0.0,0.08016877637130802,0.0
0,1,0,1,0,0,1,0,0,0.8706047819971869,0.0,0.7538677918424754,0.0
1,0,1,0,1,0,1,0,0,0.6603375527426161,0.0,0.3523206751054853,0.0
1,0,1,0,1,0,1,0,0,0.7137834036568214,0.7876230661040788,0.6195499296765119,0.0
0,1,0,0,0,1,1,0,0,0.6139240506329113,0.0,0.18424753867791846,0.0
1,0,1,1,0,0,1,0,0,0.5569620253164558,0.0,0.9310829817158932,0.0
0,1,0,0,0,1,1,0,0,0.30450070323488043,0.0,0.18424753867791846,0.0
1,0,1,1,0,0,0,1,0,0.8340365682137835,0.0,0.850210970464135,0.8066104078762306
0,1,0,0,0,1,0,0,1,0.7925457102672293,0.0,0.10618846694796062,0.0
1,0,1,0,1,0,1,0,0,0.9050632911392404,0.0,0.3523206751054853,0.0
0,1,0,0,0,1,1,0,0,0.7623066104078763,0.0,0.2130801687763713,0.0
0,1,0,0,1,0,1,0,0,0.33473980309423346,0.9338959212376934,0.3804500703234881,0.8066104078762306
1,0,1,0,1,0,1,0,0,0.02531645569620253,0.7876230661040788,0.6195499296765119,0.8066104078762306
0,1,0,0,0,1,0,1,0,0.1490857946554149,0.7876230661040788,0.058368495077355836,0.8066104078762306
0,0,1,0,0,1,1,0,0,0.5569620253164558,0.0,0.28621659634317864,0.0
1,0,1,0,1,0,1,0,0,0.06751054852320676,0.0,0.6448663853727146,0.9317862165963432
0,1,0,1,0,0,1,0,0,0.8488045007032349,0.0,0.6652601969057665,0.0
1,0,1,1,0,0,0,1,0,0.5569620253164558,0.0,0.9345991561181436,0.0
1,0,1,1,0,0,0,1,0,0.30450070323488043,0.0,0.8059071729957806,0.9317862165963432
1,0,1,1,0,0,1,0,0,0.7137834036568214,0.0,0.8684950773558369,0.9317862165963432
0,0,1,0,0,1,1,0,0,0.08087201125175808,0.981012658227848,0.7348804500703234,0.9317862165963432
0,0,1,0,0,1,1,0,0,0.09212376933895923,0.981012658227848,0.7348804500703234,0.9317862165963432
1,1,0,0,1,0,1,0,0,0.6139240506329113,0.7876230661040788,0.6195499296765119,0.0
0,1,0,1,0,0,0,1,0,0.9050632911392404,0.7876230661040788,0.9345991561181436,0.0
0,1,0,1,0,0,1,0,0,0.9838255977496484,0.0,0.6195499296765119,0.0
1,0,1,0,1,0,1,0,0,0.2116736990154712,0.7876230661040788,0.6195499296765119,0.0
0,1,0,0,0,1,1,0,0,0.639240506329114,0.7876230661040788,0.5569620253164558,0.8066104078762306
1,1,0,0,1,0,1,0,0,0.07243319268635724,0.7876230661040788,0.7672292545710268,0.8066104078762306
1,1,0,1,0,0,0,1,0,0.1490857946554149,0.0,0.940928270042194,0.9317862165963432
0,1,0,0,1,0,1,0,0,0.4606188466947961,0.0,0.6195499296765119,0.0
1,1,0,0,0,1,0,1,0,0.30450070323488043,0.0,0.048523206751054856,0.0
1,0,1,0,0,1,1,0,0,0.30450070323488043,0.0,0.12517580872011252,0.0
0,1,0,1,0,0,1,0,0,0.9774964838255976,0.0,0.6652601969057665,0.0
1,0,1,1,0,0,0,1,0,0.8832630098452884,0.7876230661040788,0.7805907172995781,0.0
1,0,1,1,0,0,1,0,0,0.7623066104078763,0.7876230661040788,0.9043600562587903,0.8066104078762306
1,0,1,0,0,1,1,0,0,0.7137834036568214,0.7876230661040788,0.5260196905766527,0.0
0,1,0,0,0,1,1,0,0,0.7819971870604783,0.0,0.18424753867791846,0.0
0,1,0,0,1,0,1,0,0,0.490857946554149,0.0,0.4620253164556962,0.0
0,1,0,0,0,1,1,0,0,0.3677918424753868,0.9338959212376934,0.5907172995780591,0.0
0,1,0,0,0,1,1,0,0,0.2116736990154712,0.0,0.18424753867791846,0.0
0,0,1,0,0,1,1,0,0,0.5253164556962026,0.0,0.5724331926863573,0.9887482419127988
1,1,0,0,0,1,1,0,0,0.6139240506329113,0.0,0.15471167369901548,0.0
1,1,0,0,1,0,1,0,0,0.9774964838255976,0.0,0.3523206751054853,0.0
1,0,1,1,0,0,1,0,0,0.9310829817158932,0.9338959212376934,0.8115330520393812,0.0
1,1,0,1,0,0,1,0,0,0.7137834036568214,0.0,0.6554149085794655,0.0
0,1,0,0,0,1,1,0,0,0.1279887482419128,0.0,0.2468354430379747,0.0
0,1,0,0,0,1,1,0,0,0.2116736990154712,0.0,0.4866385372714487,0.0
1,0,1,0,1,0,1,0,0,0.6603375527426161,0.0,0.4289732770745429,0.0
1,0,1,1,0,0,1,0,0,0.7623066104078763,0.7876230661040788,0.8361462728551337,0.0
1,1,0,0,0,1,1,0,0,0.6139240506329113,0.0,0.2130801687763713,0.0
1,0,1,0,1,0,1,0,0,0.40646976090014064,0.7876230661040788,0.7144866385372715,0.8066104078762306
1,0,1,1,0,0,0,1,0,0.7623066104078763,0.7876230661040788,0.940928270042194,0.8066104078762306
0,1,0,0,1,0,1,0,0,0.9374120956399438,0.0,0.6195499296765119,0.0
0,1,0,1,0,0,0,1,0,0.7137834036568214,0.0,0.790436005625879,0.0
1,0,1,1,0,0,1,0,0,0.17651195499296768,0.0,0.9043600562587903,0.9317862165963432
0,1,0,0,1,0,1,0,0,0.8706047819971869,0.0,0.4908579465541491,0.0
1,1,0,1,0,0,0,1,0,0.9683544303797468,0.7876230661040788,0.90014064697609,0.8066104078762306
0,1,0,0,0,1,1,0,0,0.30450070323488043,0.0,0.2468354430379747,0.0
0,1,0,0,0,1,1,0,0,0.6849507735583685,0.0,0.040084388185654005,0.0
1,0,1,1,0,0,0,1,0,0.9261603375527426,0.7876230661040788,0.8931082981715893,0.0
0,1,0,0,0,1,1,0,0,0.8706047819971869,0.0,0.07102672292545711,0.0
0,1,0,0,1,0,1,0,0,0.7348804500703234,0.7876230661040788,0.6195499296765119,0.0
0,1,0,0,0,1,1,0,0,0.7137834036568214,0.7876230661040788,0.5907172995780591,0.8066104078762306
0,1,0,0,0,1,1,0,0,0.8945147679324895,0.0,0.0,0.0
1,1,0,1,0,0,0,1,0,0.8945147679324895,0.7876230661040788,0.8445850914205344,0.0
1,0,1,0,1,0,1,0,0,0.3677918424753868,0.9338959212376934,0.6758087201125176,0.8066104078762306
0,1,0,0,0,1,1,0,0,0.8340365682137835,0.0,0.2468354430379747,0.0
1,1,0,1,0,0,0,1,0,0.6849507735583685,0.0,0.6652601969057665,0.0
0,1,0,0,0,1,1,0,0,0.7137834036568214,0.7876230661040788,0.49929676511955,0.0
0,1,0,0,0,1,1,0,0,0.5569620253164558,0.0,0.18424753867791846,0.0
1,1,0,1,0,0,1,0,0,0.4606188466947961,0.0,0.7236286919831223,0.0
1,0,1,0,1,0,0,1,0,0.30450070323488043,0.7876230661040788,0.7932489451476794,0.9317862165963432
1,0,1,1,0,0,1,0,0,0.7819971870604783,0.0,0.9704641350210971,0.0
0,0,1,0,0,1,1,0,0,0.7623066104078763,0.7876230661040788,0.7348804500703234,0.9957805907172996
0,1,0,0,0,1,1,0,0,0.6849507735583685,0.0,0.2468354430379747,0.0
1,0,1,0,1,0,1,0,0,0.3677918424753868,0.7876230661040788,0.8600562587904359,0.9317862165963432
0,1,0,0,0,1,1,0,0,0.6603375527426161,0.7876230661040788,0.4718706047819972,0.8066104078762306
0,0,1,0,0,1,1,0,0,0.4345991561181435,0.7876230661040788,0.5182841068917019,0.0
1,0,1,0,1,0,1,0,0,0.048523206751054856,0.9338959212376934,0.7749648382559775,0.8066104078762306
0,1,0,0,1,0,1,0,0,0.4345991561181435,0.0,0.3523206751054853,0.0
0,1,0,0,0,1,0,1,0,0.4606188466947961,0.7876230661040788,0.4774964838255977,0.0
1,1,0,1,0,0,1,0,0,0.8108298171589311,0.7876230661040788,0.8234880450070323,0.0
1,1,0,0,0,1,0,1,0,0.2405063291139241,0.7876230661040788,0.5014064697609002,0.8066104078762306
0,1,0,0,0,1,1,0,0,0.2693389592123769,0.0,0.15471167369901548,0.0
0,1,0,0,0,1,1,0,0,0.2693389592123769,0.0,0.5182841068917019,0.0
0,1,0,1,0,0,1,0,0,0.9732770745428974,0.0,0.7468354430379747,0.0
0,1,0,0,1,0,0,0,1,0.9542897327707456,0.0,0.38888888888888895,0.0
1,0,1,1,0,0,1,0,0,0.2693389592123769,0.0,0.8902953586497891,0.0
0,1,0,0,0,1,1,0,0,0.4345991561181435,0.0,0.18424753867791846,0.0
1,1,0,1,0,0,1,0,0,1.0,0.0,0.7144866385372715,0.0
0,1,0,0,0,1,1,0,0,0.9170182841068916,0.0,0.03586497890295358,0.0
1,1,0,1,0,0,0,1,0,0.6139240506329113,0.0,0.7236286919831223,0.0
0,0,1,0,0,1,1,0,0,0.08087201125175808,0.959915611814346,0.6912798874824191,0.9317862165963432
1,0,1,0,1,0,1,0,0,0.490857946554149,0.0,0.4289732770745429,0.0
0,1,0,0,0,1,1,0,0,0.6139240506329113,0.0,0.2130801687763713,0.0
0,1,0,0,1,0,1,0,0,0.589310829817159,0.7876230661040788,0.6448663853727146,0.8066104078762306
0,0,1,0,0,1,1,0,0,0.7981715893108299,0.0,0.7855133614627285,0.9957805907172996
0,1,0,0,0,1,1,0,0,0.2405063291139241,0.0,0.15471167369901548,0.0
1,0,1,1,0,0,0,1,0,0.3677918424753868,0.0,0.8656821378340366,0.0
0,0,1,0,0,1,1,0,0,0.02531645569620253,0.959915611814346,0.6912798874824191,0.9317862165963432
1,0,1,0,0,1,0,1,0,0.003516174402250352,0.9338959212376934,0.5436005625879043,0.8066104078762306
1,1,0,1,0,0,0,1,0,0.8832630098452884,0.7876230661040788,0.8825597749648383,0.0
0,1,0,0,0,1,1,0,0,0.2116736990154712,0.0,0.18424753867791846,0.0
1,1,0,1,0,0,0,1,0,0.950070323488045,0.0,0.7637130801687764,0.0
1,0,1,0,0,1,1,0,0,0.33473980309423346,0.0,0.0850914205344585,0.0
1,0,1,0,1,0,1,0,0,0.17651195499296768,0.0,0.5808720112517579,0.8066104078762306
0,1,0,0,0,1,1,0,0,0.2693389592123769,0.0,0.2742616033755274,0.0
0,0,1,0,0,1,0,0,1,0.17651195499296768,0.0,0.02039381153305204,0.0
0,1,0,0,1,0,1,0,0,0.3677918424753868,0.9338959212376934,0.8748241912798875,0.0
0,0,1,0,0,1,0,0,1,0.6139240506329113,0.7876230661040788,0.4971870604781997,0.8066104078762306
0,1,0,0,1,0,1,0,0,0.33473980309423346,0.0,0.4289732770745429,0.0
0,1,0,1,0,0,0,1,0,0.959212376933896,0.0,0.9451476793248944,0.9317862165963432
1,1,0,1,0,0,1,0,0,0.9050632911392404,0.9338959212376934,0.9535864978902954,0.0
0,1,0,0,0,1,0,1,0,0.7819971870604783,0.0,0.048523206751054856,0.0
0,1,0,1,0,0,1,0,0,0.8706047819971869,0.0,0.5949367088607596,0.0
0,1,0,0,0,1,1,0,0,0.7137834036568214,0.0,0.08016877637130802,0.0
1,1,0,0,0,1,1,0,0,0.2405063291139241,0.7876230661040788,0.2130801687763713,0.0
0,1,0,0,1,0,1,0,0,0.6139240506329113,0.9338959212376934,0.8748241912798875,0.0
0,1,0,0,1,0,1,0,0,0.40646976090014064,0.0,0.4289732770745429,0.0
0,1,0,0,0,1,1,0,0,0.8248945147679325,0.0,0.2468354430379747,0.0
1,0,1,0,1,0,1,0,0,0.7819971870604783,0.7876230661040788,0.7749648382559775,0.8066104078762306
0,1,0,1,0,0,1,0,0,0.589310829817159,0.7876230661040788,0.8164556962025317,0.0
0,1,0,0,1,0,1,0,0,0.9922644163150492,0.0,0.3523206751054853,0.0
1,1,0,0,1,0,1,0,0,0.589310829817159,0.0,0.4289732770745429,0.0
0,1,0,0,0,1,1,0,0,0.17651195499296768,0.0,0.12517580872011252,0.0
0,1,0,0,0,1,1,0,0,0.38959212376933905,0.0,0.2468354430379747,0.0
1,0,1,0,0,1,1,0,0,0.17651195499296768,0.0,0.32911392405063233,0.0
0,0,1,0,0,1,1,0,0,0.8248945147679325,0.7876230661040788,0.79957805907173,1.0
1,1,0,1,0,0,0,1,0,0.7137834036568214,0.0,1.0,0.8066104078762306
1,1,0,1,0,0,0,1,0,0.4606188466947961,0.0,0.8825597749648383,0.0
0,1,0,0,0,1,1,0,0,0.2405063291139241,0.0,0.30309423347398035,0.0
0,1,0,0,0,1,1,0,0,0.10337552742616034,1.0,0.79957805907173,0.9317862165963432
0,1,0,0,1,0,1,0,0,0.9683544303797468,0.7876230661040788,0.7749648382559775,0.8066104078762306
0,1,0,0,1,0,0,1,0,0.40646976090014064,0.7876230661040788,0.7932489451476794,0.9317862165963432
0,1,0,0,0,1,1,0,0,0.10337552742616034,0.981012658227848,0.7855133614627285,0.8066104078762306
0,1,0,0,0,1,1,0,0,0.2116736990154712,0.0,0.3319268635724332,0.0
0,1,0,0,0,1,1,0,0,0.17651195499296768,0.0,0.14064697609001406,0.0
1,0,1,1,0,0,1,0,0,0.11181434599156118,0.0,0.9774964838255976,0.8066104078762306
1,1,0,1,0,0,1,0,0,0.589310829817159,0.7876230661040788,0.8473980309423348,0.0
1,0,1,0,0,1,0,1,0,0.048523206751054856,0.0,0.4585091420534458,0.8066104078762306
0,1,0,0,0,1,0,1,0,0.40646976090014064,0.0,0.048523206751054856,0.0
0,1,0,1,0,0,1,0,0,0.9683544303797468,0.0,0.6652601969057665,0.0
0,1,0,0,1,0,1,0,0,0.9261603375527426,0.0,0.4620253164556962,0.0
0,1,0,0,0,1,1,0,0,0.8340365682137835,0.0,0.2468354430379747,0.0
0,1,0,1,0,0,0,1,0,0.8945147679324895,0.7876230661040788,0.940928270042194,0.8066104078762306
0,1,0,0,0,1,1,0,0,0.8108298171589311,0.0,0.08931082981715892,0.0
1,0,1,1,0,0,0,1,0,0.17651195499296768,0.7876230661040788,0.9831223628691984,0.0
1,1,0,1,0,0,1,0,0,0.6849507735583685,0.0,0.6526019690576652,0.0
0,0,1,0,0,1,0,1,0,0.17651195499296768,0.0,0.4774964838255977,0.8066104078762306
0,1,0,0,0,1,0,0,1,0.40646976090014064,0.0,0.09563994374120956,0.0
0,1,0,0,0,1,1,0,0,0.4345991561181435,0.7876230661040788,0.15471167369901548,0.0
0,1,0,0,1,0,1,0,0,0.7623066104078763,0.0,0.6195499296765119,0.0
1,0,1,0,1,0,1,0,0,0.8488045007032349,0.0,0.4620253164556962,0.0
1,1,0,1,0,0,1,0,0,0.8108298171589311,0.0,0.6526019690576652,0.0
1,0,1,1,0,0,1,0,0,0.30450070323488043,0.0,0.9655414908579464,0.0
1,0,1,1,0,0,0,1,0,0.3677918424753868,0.0,0.8080168776371308,0.0
1,1,0,1,0,0,1,0,0,0.8832630098452884,0.7876230661040788,0.8164556962025317,0.0
0,1,0,0,0,1,1,0,0,0.5253164556962026,0.0,0.30942334739803096,0.0
0,1,0,0,1,0,1,0,0,0.9261603375527426,0.0,0.4289732770745429,0.0
0,1,0,0,0,1,1,0,0,0.2116736990154712,0.0,0.08931082981715892,0.0
1,0,1,1,0,0,0,1,0,0.7461322081575246,0.0,0.9831223628691984,0.0
1,0,1,0,1,0,1,0,0,0.4606188466947961,0.0,0.3523206751054853,0.0
0,1,0,0,0,1,1,0,0,0.639240506329114,0.0,0.12517580872011252,0.0
1,0,1,0,1,0,1,0,0,0.06258790436005626,0.0,0.750351617440225,0.8066104078762306
0,1,0,0,0,1,1,0,0,0.1490857946554149,0.7876230661040788,0.03586497890295358,0.0
0,1,0,0,1,0,1,0,0,0.6603375527426161,0.0,0.4289732770745429,0.0
0,1,0,0,1,0,1,0,0,0.9050632911392404,0.0,0.4289732770745429,0.0
1,1,0,1,0,0,1,0,0,0.4606188466947961,0.7876230661040788,0.8284106891701829,0.0
0,1,0,0,0,1,1,0,0,0.2405063291139241,0.0,0.28621659634317864,0.0
1,0,1,0,1,0,1,0,0,0.5569620253164558,0.959915611814346,0.5661040787623066,0.0
0,1,0,0,1,0,1,0,0,0.40646976090014064,0.7876230661040788,0.6195499296765119,0.0
0,0,1,0,0,1,1,0,0,0.40646976090014064,0.7876230661040788,0.2130801687763713,0.0
1,0,1,1,0,0,1,0,0,0.5253164556962026,0.0,0.9774964838255976,0.0
0,1,0,0,0,1,0,1,0,0.09212376933895923,0.0,0.5386779184247539,0.0
0,1,0,0,1,0,1,0,0,0.33473980309423346,0.0,0.4289732770745429,0.0
0,1,0,0,1,0,1,0,0,0.33473980309423346,0.0,0.4289732770745429,0.0
0,1,0,0,0,1,1,0,0,0.5098452883263009,0.0,0.5182841068917019,0.0
0,0,1,0,0,1,1,0,0,0.8832630098452884,0.7876230661040788,0.7573839662447257,0.9831223628691984
1,1,0,1,0,0,0,1,0,0.6849507735583685,0.0,1.0,0.0
0,1,0,1,0,0,1,0,0,0.7137834036568214,0.7876230661040788,0.8973277074542898,0.0
1,0,1,1,0,0,0,1,0,0.2693389592123769,0.9338959212376934,0.989451476793249,0.9317862165963432
0,1,0,0,0,1,1,0,0,0.3677918424753868,0.7876230661040788,0.5182841068917019,0.0
1,1,0,0,0,1,1,0,0,0.589310829817159,0.0,0.2130801687763713,0.0
0,1,0,1,0,0,1,0,0,0.9922644163150492,0.7876230661040788,0.8684950773558369,0.8066104078762306
0,1,0,0,0,1,1,0,0,0.1279887482419128,0.7876230661040788,0.5534458509142053,0.8066104078762306
1,0,1,0,1,0,1,0,0,0.5569620253164558,0.0,0.4289732770745429,0.0
0,1,0,1,0,0,1,0,0,0.2116736990154712,0.7876230661040788,0.8284106891701829,0.0
0,1,0,0,0,1,0,0,1,0.589310829817159,0.0,0.10618846694796062,0.0
1,0,1,0,1,0,1,0,0,0.048523206751054856,0.7876230661040788,0.5808720112517579,0.8066104078762306
1,1,0,0,0,1,1,0,0,0.06258790436005626,0.0,0.3931082981715893,0.8066104078762306
0,1,0,0,0,1,1,0,0,0.639240506329114,0.0,0.3150492264416315,0.0
0,1,0,0,0,1,1,0,0,0.33473980309423346,0.0,0.18424753867791846,0.0
1,0,1,0,1,0,1,0,0,0.8832630098452884,0.7876230661040788,0.8600562587904359,0.9317862165963432
1,1,0,0,1,0,1,0,0,0.0014064697609001409,0.7876230661040788,0.4866385372714487,0.8066104078762306
0,1,0,0,0,1,1,0,0,0.490857946554149,0.0,0.14064697609001406,0.0
0,1,0,0,1,0,1,0,0,0.17651195499296768,0.0,0.3804500703234881,0.0
0,1,0,0,0,1,1,0,0,0.6603375527426161,0.0,0.2468354430379747,0.0
1,0,1,1,0,0,1,0,0,0.639240506329114,0.0,0.918424753867792,0.0
0,1,0,0,0,1,1,0,0,0.7981715893108299,0.0,0.040084388185654005,0.0
1,1,0,0,0,1,0,1,0,0.2405063291139241,0.0,0.058368495077355836,0.0
1,0,1,1,0,0,1,0,0,0.7137834036568214,0.7876230661040788,0.950070323488045,0.9317862165963432
0,1,0,0,0,1,1,0,0,0.1279887482419128,0.0,0.12517580872011252,0.0
1,0,1,1,0,0,1,0,0,0.9170182841068916,0.7876230661040788,0.8902953586497891,0.0
0,0,1,0,0,1,0,0,1,0.5759493670886076,0.0,0.10618846694796062,0.0
0,1,0,0,0,1,1,0,0,0.6139240506329113,0.0,0.2714486638537272,0.0
0,1,0,0,0,1,1,0,0,0.3677918424753868,0.0,0.3150492264416315,0.0
0,1,0,0,0,1,1,0,0,0.8832630098452884,0.0,0.15471167369901548,0.0
0,0,1,0,1,0,1,0,0,0.9542897327707456,0.0,0.3523206751054853,0.0
1,0,1,0,1,0,1,0,0,0.9374120956399438,0.7876230661040788,0.5808720112517579,0.9831223628691984
0,1,0,0,0,1,1,0,0,0.17651195499296768,0.0,0.10618846694796062,0.0
1,0,1,0,0,1,1,0,0,0.058368495077355836,0.0,0.3931082981715893,0.0
1,0,1,1,0,0,1,0,0,0.8248945147679325,0.0,0.9774964838255976,0.8066104078762306
1,0,1,0,0,1,0,1,0,0.09774964838255977,0.0,0.058368495077355836,0.0
1,0,1,1,0,0,1,0,0,0.1490857946554149,0.7876230661040788,0.8473980309423348,0.0
0,1,0,1,0,0,1,0,0,0.5253164556962026,0.0,0.7144866385372715,0.0
0,1,0,0,0,1,1,0,0,0.40646976090014064,0.0,0.030239099859353025,0.0
0,1,0,0,0,1,1,0,0,0.40646976090014064,0.0,0.07102672292545711,0.0
1,0,1,0,0,1,1,0,0,0.17651195499296768,0.0,0.08016877637130802,0.0
0,1,0,0,0,1,0,0,1,0.07243319268635724,0.981012658227848,0.7039381153305204,0.8066104078762306
1,1,0,0,0,1,1,0,0,0.014064697609001406,0.7876230661040788,0.560478199718706,0.9317862165963432
0,1,0,1,0,0,0,1,0,0.8621659634317862,0.0,0.90014064697609,0.0
0,1,0,0,1,0,1,0,0,0.1279887482419128,0.0,0.6195499296765119,0.0
0,1,0,0,0,1,1,0,0,0.40646976090014064,0.0,0.18424753867791846,0.0
0,1,0,0,1,0,1,0,0,0.7623066104078763,0.0,0.4289732770745429,0.0
1,0,1,1,0,0,1,0,0,0.8945147679324895,0.0,0.5963431786216596,0.0
1,0,1,0,0,1,1,0,0,0.589310829817159,0.0,0.29535864978902954,0.0
0,1,0,0,0,1,0,1,0,0.5569620253164558,0.0,0.058368495077355836,0.0
0,0,1,0,0,1,1,0,0,0.5569620253164558,0.7876230661040788,0.5907172995780591,0.8066104078762306
0,1,0,0,1,0,1,0,0,0.6603375527426161,0.0,0.4289732770745429,0.0
1,0,1,0,1,0,1,0,0,0.589310829817159,0.7876230661040788,0.6448663853727146,0.8066104078762306
1,1,0,1,0,0,1,0,0,0.09212376933895923,0.7876230661040788,0.950070323488045,0.9317862165963432
1,1,0,0,0,1,0,1,0,0.0,0.0,0.27566807313642755,0.8066104078762306
1,1,0,0,0,1,1,0,0,0.4606188466947961,0.0,0.02320675105485232,0.0
0,1,0,0,0,1,1,0,0,0.589310829817159,0.0,0.12517580872011252,0.0
0,1,0,1,0,0,1,0,0,0.7623066104078763,0.0,0.0,0.0
0,0,1,0,0,1,1,0,0,0.17651195499296768,0.0,0.12517580872011252,0.0
0,1,0,0,1,0,1,0,0,0.7623066104078763,0.0,0.4289732770745429,0.0
1,0,1,1,0,0,1,0,0,0.639240506329114,0.7876230661040788,0.8284106891701829,0.0
0,1,0,0,0,1,1,0,0,0.4345991561181435,0.0,0.16736990154711673,0.0
0,1,0,0,0,1,1,0,0,0.7623066104078763,0.0,0.5907172995780591,0.0
0,1,0,0,1,0,1,0,0,0.6849507735583685,0.0,0.3523206751054853,0.0
0,0,1,0,0,1,1,0,0,0.06258790436005626,0.981012658227848,0.7348804500703234,0.9317862165963432
0,1,0,0,0,1,1,0,0,0.5759493670886076,0.0,0.2468354430379747,0.0
0,0,1,0,0,1,1,0,0,0.33473980309423346,0.0,0.2130801687763713,0.0
0,1,0,0,1,0,0,1,0,0.589310829817159,0.7876230661040788,0.770042194092827,0.8066104078762306
0,1,0,0,0,1,1,0,0,0.8248945147679325,0.0,0.015471167369901546,0.0
0,1,0,0,0,1,1,0,0,0.08790436005625879,0.959915611814346,0.6912798874824191,0.9317862165963432
1,0,1,1,0,0,1,0,0,0.9261603375527426,0.7876230661040788,0.9310829817158932,0.8066104078762306
1,1,0,0,0,1,1,0,0,0.4606188466947961,0.0,0.28621659634317864,0.0
0,1,0,1,0,0,1,0,0,0.7461322081575246,0.0,0.0,0.0
1,0,1,0,0,1,1,0,0,0.4606188466947961,0.0,0.3931082981715893,0.8066104078762306
0,1,0,0,0,1,1,0,0,0.02531645569620253,0.981012658227848,0.7855133614627285,0.8066104078762306
1,1,0,0,1,0,0,1,0,0.014064697609001406,0.0,0.770042194092827,0.9317862165963432
1,0,1,0,0,1,0,1,0,0.11181434599156118,0.7876230661040788,0.4774964838255977,0.0
1,1,0,0,1,0,1,0,0,0.006329113924050633,0.7876230661040788,0.5351617440225036,0.8066104078762306
0,1,0,0,0,1,1,0,0,0.33473980309423346,0.0,0.15471167369901548,0.0
0,1,0,0,0,1,1,0,0,0.17651195499296768,0.0,0.27004219409282704,0.0
1,0,1,1,0,0,0,1,0,0.7623066104078763,0.7876230661040788,0.9113924050632912,0.8066104078762306
0,1,0,0,0,1,1,0,0,0.2693389592123769,0.0,0.28621659634317864,0.0
1,1,0,0,0,1,1,0,0,0.6139240506329113,0.0,0.8403656821378341,0.0
0,1,0,0,0,1,1,0,0,0.2405063291139241,0.0,0.2130801687763713,0.0
0,1,0,0,1,0,1,0,0,0.1279887482419128,0.0,0.3523206751054853,0.0
1,0,1,1,0,0,0,1,0,0.5569620253164558,0.0,0.7292545710267229,0.0
0,1,0,0,0,1,0,1,0,0.6722925457102672,0.0,0.014064697609001406,0.0
0,1,0,0,0,1,1,0,0,0.1490857946554149,0.0,0.28621659634317864,0.0
0,1,0,0,0,1,1,0,0,0.8108298171589311,0.0,0.0850914205344585,0.0
0,1,0,0,0,1,0,1,0,0.6849507735583685,0.0,0.18424753867791846,0.0
0,1,0,0,1,0,1,0,0,0.490857946554149,0.0,0.750351617440225,0.8066104078762306
0,1,0,0,0,1,1,0,0,0.048523206751054856,0.981012658227848,0.7348804500703234,0.9317862165963432
0,1,0,0,0,1,1,0,0,0.9985935302391,0.0,0.12517580872011252,0.0
0,0,1,0,0,1,0,1,0,0.08087201125175808,0.7876230661040788,0.4943741209563994,0.8066104078762306
1,0,1,1,0,0,1,0,0,0.1279887482419128,0.0,0.7791842475386781,0.8066104078762306
0,0,1,0,1,0,1,0,0,0.8340365682137835,0.7876230661040788,0.6195499296765119,0.0
1,0,1,0,0,1,1,0,0,0.17651195499296768,0.0,0.30590717299578063,0.8066104078762306
1,0,1,1,0,0,1,0,0,0.8488045007032349,0.7876230661040788,0.9739803094233476,0.8066104078762306
1,1,0,1,0,0,1,0,0,0.9170182841068916,0.0,0.6652601969057665,0.0
1,0,1,0,0,1,0,1,0,0.3677918424753868,0.0,0.5436005625879043,0.9831223628691984
0,1,0,0,0,1,1,0,0,0.7981715893108299,0.9338959212376934,0.4697609001406471,0.0
0,1,0,0,1,0,1,0,0,0.2693389592123769,0.7876230661040788,0.3804500703234881,0.0
1,0,1,1,0,0,1,0,0,0.8832630098452884,0.0,0.5963431786216596,0.0
0,1,0,0,1,0,1,0,0,0.3677918424753868,0.0,0.4289732770745429,0.0
1,0,1,0,1,0,1,0,0,0.8108298171589311,0.0,0.4289732770745429,0.0
1,0,1,0,1,0,0,1,0,0.4606188466947961,0.7876230661040788,0.4669479606188467,0.0
0,1,0,1,0,0,1,0,0,0.589310829817159,0.0,0.8101265822784809,0.0
1,1,0,0,0,1,1,0,0,0.048523206751054856,0.7876230661040788,0.3727144866385373,0.8066104078762306
0,1,0,0,0,1,1,0,0,0.4345991561181435,0.0,0.18424753867791846,0.0
1,0,1,1,0,0,1,0,0,0.8706047819971869,0.7876230661040788,0.8234880450070323,0.8066104078762306
0,1,0,1,0,0,1,0,0,0.639240506329114,0.0,0.011251758087201124,0.0
0,1,0,0,0,1,1,0,0,0.8706047819971869,0.0,0.29887482419127986,0.0
1,0,1,0,1,0,0,1,0,0.490857946554149,0.7876230661040788,0.5850914205344585,0.0
1,0,1,0,0,1,0,1,0,0.11181434599156118,0.0,0.048523206751054856,0.0
0,1,0,0,0,1,1,0,0,0.2405063291139241,0.0,0.33052039381153303,0.0
0,1,0,0,0,1,1,0,0,0.2116736990154712,0.0,0.18424753867791846,0.0
1,0,1,1,0,0,0,1,0,0.950070323488045,0.0,0.9113924050632912,0.8066104078762306
1,0,1,0,1,0,1,0,0,0.40646976090014064,0.0,0.6195499296765119,0.8066104078762306
0,1,0,0,0,1,1,0,0,0.639240506329114,0.0,0.18424753867791846,0.0
0,0,1,0,0,1,1,0,0,0.30450070323488043,0.0,0.3699015471167342,0.0
0,1,0,0,1,0,1,0,0,0.490857946554149,0.0,0.3523206751054853,0.0
0,1,0,0,0,1,1,0,0,0.40646976090014064,0.0,0.030239099859353025,0.0
0,0,1,0,0,1,0,0,1,0.7623066104078763,0.0,0.7039381153305204,0.9957805907172996
0,1,0,0,1,0,1,0,0,0.4606188466947961,0.0,0.4289732770745429,0.0
1,0,1,1,0,0,1,0,0,0.2116736990154712,0.0,0.7144866385372715,0.0
1,1,0,1,0,0,0,1,0,0.4345991561181435,0.0,0.7144866385372715,0.0
0,1,0,0,0,1,0,0,1,0.6139240506329113,0.0,0.10618846694796062,0.0
